,Data,Algorithm,min_pts,DCSI,Balance,ARI,NMI,Noise,Categorical,ARI_DB,NMI_DB,N_cluster
0,compas,GroundTruth,20.0,0.0,0.7794250129414424,1.0,1.0,0.0,None,-0.0013509474541497524,0.007873141326561127,2
1,compas,GroundTruth_DB,20.0,0.0,1.0,-0.0013509474541497524,0.007873141326561127,0.004605936540429887,None,1.0,1.0,2
2,compas,FairDen,,0.20366478328111537,0.5765141467501813,0.01766946392191913,0.03659509782288779,0.0005117707267144319,None,0.019151286262095318,0.028110876747563945,2
3,compas,FairSC_normalized,,0.0,0.679852997710992,0.04362903556177523,0.05237237562209693,0.0,None,0.01006172283514486,0.015819197612975643,2
4,compas,FairSC,,0.0,0.4454476022958712,0.0010353421344811375,0.00019934550996424674,0.0,None,-0.007862182819561688,0.002736270178822101,2
