,Data,Algorithm,min_pts,DCSI,Balance,ARI,NMI,Noise,Categorical,ARI_DB,NMI_DB,N_cluster
0,compas_sex,GroundTruth,20.0,0.0,0.7955415795397823,1.0,1.0,0.0,None,0.004499891869230646,0.026629680142974323,2
1,compas_sex,GroundTruth_DB,20.0,0.9808173086073071,0.654071990299068,0.004499891869230646,0.026629680142974323,0.27631578947368424,None,1.0,1.0,3
2,compas_sex,FairDen,,0.3275232384082519,0.5962624549913326,-0.005274685604897097,0.023753707497959423,0.0006265664160401002,None,0.775185192484397,0.6939436966758437,3
3,compas_sex,FairSC_normalized,,0.11347394895118398,0.2278613199665831,0.040379401131240854,0.0295245745406167,0.0,None,-0.07787332307892829,0.17219821877190225,3
4,compas_sex,FairSC,,0.038094684335354255,0.22159565580618212,0.04651045271295045,0.0318325204332284,0.0,None,-0.06644313287030128,0.18366417055131004,3
