,Data,Algorithm,min_pts,DCSI,Balance,ARI,NMI,Noise,Categorical,ARI_DB,NMI_DB,N_cluster
0,compas,GroundTruth,20.0,0.0,0.9041670278235243,1.0,1.0,0.0,None,0.015273093522773402,0.036879416179102065,2
1,compas,GroundTruth_DB,20.0,0.9761452890088353,0.6840216223770689,0.015273093522773402,0.036879416179102065,0.28076685219542363,None,1.0,1.0,2
2,compas,FairDen,,0.18909255162051566,0.6916239231412175,0.009668033827731622,0.03131637742778822,0.0006184291898577613,None,0.6879753726740936,0.5946300062204847,2
3,compas,FairSC_normalized,,-2.0,-2.0,-2.0,-2.0,-2.0,None,-2.0,-2.0,-2
4,compas,FairSC,,0.0,0.7467917373262281,0.07280947856391692,0.045933614802166754,0.0,None,0.1107973677934067,0.23875627549523007,2
