,Data,Algorithm,min_pts,DCSI,Balance,ARI,NMI,Noise,Categorical,ARI_DB,NMI_DB,N_cluster
0,compas,GroundTruth,20.0,0.0,0.7898868273150492,1.0,1.0,0.0,None,0.022622842426792942,0.042805437112815925,2
1,compas,GroundTruth_DB,20.0,0.987733031145833,0.5382847540535513,0.022622842426792942,0.042805437112815925,0.2506094588005851,None,1.0,1.0,12
2,compas,FairDen,,0.32721050163027116,0.5367640754136588,0.00825619331633696,0.033023878944622546,0.00048756704046806434,None,0.7144620753355928,0.6278787834455084,3
3,compas,FairSC_normalized,,-2.0,-2.0,-2.0,-2.0,-2.0,None,-2.0,-2.0,-2
4,compas,FairSC,,0.055255026338385374,0.25297882937615623,0.02122141499421499,0.021134885481939616,0.0,None,-0.12650819142460126,0.09412458771375484,3
5,compas,FairDen,,0.5340406007921666,0.20749099615590158,0.010215059725297479,0.028391808702966696,0.005363237445148708,None,0.25695427557548506,0.4862430276453884,12
6,compas,FairSC_normalized,,-2.0,-2.0,-2.0,-2.0,-2.0,None,-2.0,-2.0,-2
7,compas,FairSC,,0.4226384006608657,0.04510199984430632,0.03911498996549975,0.045592807397410715,0.0,None,0.017537186278709028,0.246812850399766,12
