,Data,Algorithm,min_pts,DCSI,Balance,ARI,NMI,Noise,Categorical,ARI_DB,NMI_DB,N_cluster
0,student,GroundTruth,13.0,0.0,0.7269820037547632,1.0,1.0,0.00390625,None,0.018697288472754175,0.11177500150190021,17
1,student,GroundTruth_DB,13.0,0.0,0.7473955639176837,0.018697288472754175,0.11177500150190021,0.12109375,None,1.0,1.0,2
2,student,FairDen,,0.14242559854515663,0.9190350578679883,0.012994724580344326,0.06223627450442667,0.001953125,None,0.6356082776064385,0.4578091885909447,2
3,student,Scalable,,0.25427821760810543,0.8947212491910042,0.008090466341590467,0.02685157014739528,0.0,None,0.0018547761339223069,0.03988548877128617,2
4,student,FairSC_normalized,,0.0,0.97227491255755,0.03188316961394316,0.08584058023687535,0.0,None,0.20137630507984977,0.20412867190287715,2
5,student,FairSC,,0.0,0.9885426264048228,0.02768261290699471,0.06462694784531452,0.0,None,0.015858803827973913,0.13524449593842544,2
6,student,Fairlet_MCF Fairlet,,0.0,0.9628158271094867,-0.0036880540744471907,0.018190471034345488,0.0,None,0.24612536757559553,0.11750241631222658,2
