,Data,Algorithm,min_pts,DCSI,Balance,ARI,NMI,Noise,Categorical,ARI_DB,NMI_DB,N_cluster
0,student2,GroundTruth,15.0,0.0,"{'address': 0.5799249755974751, 'sex': 0.6213701335124515}",1.0,1.0,0.0069124423963133645,None,0.002679966530371417,0.037572225462651924,17
1,student2,GroundTruth_DB,15.0,0.8,"{'address': 0.9797189942292368, 'sex': 0.7297380878968888}",0.002679966530371417,0.03757222546265193,0.052995391705069124,None,1.0,1.0,2
2,student2,FairDen,,0.03962079112294071,"{'address': 0.8875562889985018, 'sex': 0.8672347330584061}",0.010255240040506857,0.05926484237487025,0.002304147465437788,None,0.332002387769159,0.2640696071350607,2
3,student2,FairSC_normalized,,0.0,"{'address': 0.7270558347408442, 'sex': 0.9422442699750835}",0.044816333746624894,0.14341656969179026,0.0,None,0.1463645820945008,0.09108753546453083,2
4,student2,FairSC,,0.0,"{'address': 0.9141373123745173, 'sex': 0.7184638218266521}",-0.00038434065650536623,0.011527368815775757,0.0,None,-1.5514359783503062e-07,0.0062367987996107006,2
