,Data,Algorithm,min_pts,DCSI,Balance,ARI,NMI,Noise,Categorical,ARI_DB,NMI_DB,N_cluster
0,adult4,GroundTruth,11.0,2.6705556227051503e-06,0.663467600903439,1.0,1.0,0.0,None,0.0015699158260601372,0.00031001764340344017,2
1,adult4,GroundTruth_DB,11.0,0.9675933209146912,0.7083333333333333,0.0015699158260601372,0.00031001764340344017,0.991,None,1.0,1.0,2
2,adult4,FairDen,,0.05994840190947185,0.8612277632475964,0.04688547862702966,0.013677477200784577,0.0005,None,-0.008907740694975656,0.010408048277692202,2
3,adult4,Scalable,,0.00498396135707074,0.8862373924023479,0.029010934618294102,0.015753428071182237,0.0,None,0.0006042689720284128,0.01696919422704794,2
4,adult4,FairSC_normalized,,3.6576969661268906e-06,0.48509468624238195,0.2737838049811024,0.14066470088164687,0.0,None,-0.012005207313646668,0.008098993161764606,2
5,adult4,FairSC,,9.68253623267263e-06,0.4041496038138806,0.22781694805101238,0.10430508140978348,0.0,None,-0.01301337807979042,0.007234782332982803,2
6,adult4,Fairlet_MCF Fairlet,,1.6746243389498885e-05,0.9532093519178764,-0.02582426221587586,0.006379852423756909,0.0,None,-0.014360345525033657,0.00338273939531206,2
