,Data,Algorithm,min_pts,DCSI,Balance,ARI,NMI,Noise,Categorical,ARI_DB,NMI_DB,N_cluster
0,adult4,GroundTruth,11.0,2.6705556227051503e-06,0.663467600903439,1.0,1.0,0.0,None,0.0015699158260601372,0.00031001764340344017,2
1,adult4,GroundTruth_DB,11.0,0.9675933209146912,0.7083333333333333,0.0015699158260601372,0.00031001764340344017,0.991,None,1.0,1.0,2
2,adult4,FairDen,,0.05994840190947185,0.8612277632475964,0.04688547862702966,0.013677477200784577,0.0005,None,-0.008907740694975656,0.010408048277692202,2
3,adult4,Scalable,,0.0037951278829356583,0.8722969480277625,0.05299729307144419,0.048389570211742734,0.0,None,0.0001326226826924975,0.01666407864144431,2
4,adult4,FairSC_normalized,,3.6576969661268906e-06,0.48509468624238195,0.2737838049811024,0.14066470088164687,0.0,None,-0.012005207313646668,0.008098993161764606,2
5,adult4,FairSC,,9.68253623267263e-06,0.4041496038138806,0.22781694805101238,0.10430508140978348,0.0,None,-0.01301337807979042,0.007234782332982803,2
6,adult4,Fairlet_MCF Fairlet,,1.5078643990604714e-05,0.9874157137897549,0.04776893600320157,0.00759023310572057,0.0,None,-0.014169643789269644,0.006053887962062492,2
