,Data,Algorithm,min_pts,DCSI,Balance,ARI,NMI,Noise,Categorical,ARI_DB,NMI_DB,N_cluster
0,compas,GroundTruth,9.0,0.0,0.7898868273150492,1.0,1.0,0.0,None,0.022622842426792942,0.042805437112815925,2
1,compas,GroundTruth_DB,9.0,0.987733031145833,0.5382847540535513,0.022622842426792942,0.042805437112815925,0.2506094588005851,None,1.0,1.0,2
2,compas,FairDen,,0.4124014772018753,0.5892534665392559,0.017279026080243905,0.03709607512714833,0.00048756704046806434,None,0.6703214291302835,0.5622596663512464,2
3,compas,Scalable,,0.0035733650084111717,0.8577825804102912,0.06429326556958989,0.043917181915748435,0.0,None,-0.017668844366472956,0.06934348432913232,2
4,compas,FairSC_normalized,,-2.0,-2.0,-2.0,-2.0,-2.0,None,-2.0,-2.0,-2
5,compas,FairSC,,0.0,0.44736333255501726,4.139356885364218e-05,6.861247154276466e-06,0.0,None,-0.08566040489645102,0.06884145603942991,2
6,compas,Fairlet_MCF Fairlet,,0.0,0.4975782287445947,-0.00029826601835661933,0.0017155801185632807,0.0,None,0.0029591539399617655,0.0032414097675186986,2
