,Data,Algorithm,min_pts,DCSI,Balance,ARI,NMI,Noise,Categorical,ARI_DB,NMI_DB,N_cluster
0,student_address,GroundTruth,13.0,0.0,0.5795373983330032,1.0,1.0,0.005940594059405941,None,0.019108832172859705,0.10578243366871942,17
1,student_address,GroundTruth_DB,13.0,0.7572547114699888,0.5789534491947489,0.019108832172859705,0.10578243366871942,0.14257425742574256,None,1.0,1.0,2
2,student_address,FairDen,,0.14242851151560548,0.9349739603847387,0.011210839104226444,0.051577872727545486,0.0,None,0.6439838230829159,0.46997823689552576,2
3,student_address,Scalable,,0.13931017116909886,0.9214574585988078,0.0011795333785454556,0.01679795963444037,0.0,None,0.01579130676827451,0.04445151987053635,2
4,student_address,FairSC_normalized,,0.0,0.8989646007838168,0.020922963042237442,0.07646847508350955,0.0,None,0.35202801427937325,0.2650875902879112,2
5,student_address,FairSC,,0.0,0.47801778285194607,0.005011454866811421,0.027642600195025437,0.0,None,-0.097169366279235,0.03793352147562979,2
6,student_address,Fairlet_MCF Fairlet,,0.0,0.9921561361502507,-0.00010252379599535496,0.012249178660616108,0.0,None,0.013702949777289213,0.010660982405423312,2
